Admin_ID,email,FirstName,Lastname
5NY5Y80MN68,mflecknell0@youtu.be,Maressa,Flecknell
2AW7J64GU75,lswancott1@washingtonpost.com,Lorilee,Swancott
3VA5H01FN76,gwhaley2@dropbox.com,Glenna,Whaley
9HF2QN1DQ64,vorigin3@bing.com,Vaughan,Origin
9UG9CF2EF11,gqueste4@github.com,Glyn,Queste
2W55TK0CD10,arosle5@cyberchimps.com,Alayne,Rosle
1HQ6F69HD23,gryles6@goo.gl,Gerladina,Ryles
5T74HU0VR30,rosheils7@comcast.net,Rutter,O'Sheils
4NM9KF0GF02,abeattie8@senate.gov,Alanson,Beattie
1J74DH9NN43,kabdon9@time.com,Karissa,Abdon
8RT9KK9WU41,logilbya@uol.com.br,Lucho,Ogilby
4HF7P43FJ22,datherb@soup.io,Dominique,Ather
7P27TY9YK37,nyedyc@infoseek.co.jp,Nehemiah,Yedy
4GC8NP3TW42,pgeertsend@si.edu,Paco,Geertsen
4CJ4HY9AU68,dbumphreye@cnet.com,Dyane,Bumphrey
6YC3TT4PM29,ayedyf@wsj.com,Alexander,Yedy
6PG7AM9WP62,alambolg@hp.com,Ashlie,Lambol
2MN6PJ5QW71,jtorrecillah@eventbrite.com,Jolene,Torrecilla
8J64R55MN86,ljaqueti@sfgate.com,Luelle,Jaquet
3J33TG4KW08,ypflegerj@aol.com,Yolane,Pfleger
1A47AA5YQ48,dpedrik@seattletimes.com,Devy,Pedri
7UV7E43XR60,cgrimwadl@dmoz.org,Ciro,Grimwad
4YT9K14FF84,lterzzam@homestead.com,Lanna,Terzza
2KR9WA0MP16,nlitchmoren@buzzfeed.com,Nelia,Litchmore
2R06K47HH80,bkittleo@exblog.jp,Bradney,Kittle
1UF7P17GG85,aeichmannp@shinystat.com,Aurel,Eichmann
6KM9Q64QN15,cmorrelq@businessweek.com,Corene,Morrel
5PX2KG4QU73,rprimakr@businesswire.com,Rodolphe,Primak
3FP4T97VF79,naxelbees@constantcontact.com,Nelson,Axelbee
7CR3A38JN85,cbrislanet@loc.gov,Candra,Brislane
