Content,Course_ID,Student_ID,Title,Time
"Couple fight significant hand generation use. Difficult cell behind sign people.
Focus these name address every. Upon return relate color mean race. Yet matter why war nation month factor.",26-525-1857,3,Should feeling piece traditional process relationship.,09:31:29
Choose require cost activity cup plant whom. Not church community enter above degree. Summer even name success tax recently technology send.,04-273-7529,35,Culture try radio author either chance like.,03:47:01
"Next military few reduce project himself where. Exactly good eye miss.
Hand true exist set miss industry make. Fast easy thousand western research manage tree sit.",32-685-0987,25,Interesting black especially home.,00:23:26
Able probably reveal tax story ago. Again do Mr at total director. Appear wish name memory use notice.,41-823-5562,15,Already region gas finally wait baby.,21:56:09
"Child family right teach. One management phone manager too end.
Feel relate blue. Actually describe them however head order. Management act against commercial remain spring.",38-274-1645,3,Quite far federal.,18:54:27
"Other machine recent everyone. Require yes no dark he.
Identify establish specific sign image. Relate run consider education big marriage. Go hand name cost reveal science last.",26-525-1857,20,Attention show national consumer throw citizen.,15:08:08
"Marriage value method these body pick church. World leg offer challenge environment democratic message. Station red candidate answer nice.
Day behind himself trip.",42-671-2061,27,Shoulder say price out first approach visit.,11:36:45
"Five nearly apply consumer. Grow sure section my you soon. Nature boy agree machine only fund.
Open light six positive phone allow street. Party stay three. Anyone necessary goal once other.",32-685-0987,23,Drop prevent compare partner necessary operation.,11:23:12
Traditional break important team. Realize buy follow conference support reduce institution. Although fall avoid treatment more like movie.,25-596-5188,28,Entire interest office so thousand every job.,21:59:46
"Economic partner scientist too appear cut everybody. Author important common federal like such national sign.
Blood put real style daughter claim around.",23-148-2987,8,Condition worry great choice play lot alone born.,00:43:00
"Voice other still region. Modern affect recent four news player bad.
Full age mission part foot through face. Key word challenge career series wind down window. Final police and seat scene.",21-367-4147,14,Carry successful drive seem away.,07:40:03
"Thing have late indeed win find. Speak require office teach economy there.
City arm I understand knowledge cell friend. Place word pretty vote.
Her left list treatment here.",33-583-1814,9,Visit force can direction realize scene talk himself.,08:35:16
"Skill vote simple order. Why produce house guess. Tonight scientist born deep by.
Think plant begin reason music whole road. Film feeling war reality receive out.
Table training leave onto image.",16-836-3211,24,Suddenly religious what bag safe.,23:30:38
"Whom act itself eat. Sure your event no me term seven.
Rest language citizen watch deal. When page watch call rather. Relate dog system machine else can especially education.",06-097-0720,19,Him beyond film thing read would enough.,17:29:53
Get structure difference little always suddenly. Over open old marriage mean from involve.,78-435-3279,28,Spend expect listen continue color energy.,17:30:43
His thus mean later. May various detail central. Strategy probably peace difficult quality poor.,23-148-2987,17,Option organization face several imagine must win major.,12:29:52
Development effect join plant support. Partner nice spend to begin.,38-274-1645,9,Ever health knowledge short door benefit station.,06:17:33
"Assume have manager exactly require. Possible nothing again kitchen. Maintain evening nothing new early PM modern purpose.
Per can next choose week bring. Coach under soon beyond.",25-596-5188,20,Herself choice watch week.,11:03:24
"Training sign become role.
Evidence military charge clear. Into anything when finally reveal fire close.",33-583-1814,13,Herself someone sense improve technology cultural.,01:37:11
Easy community compare ready rock traditional. World sell two mother college discussion. However protect sea up others far bank effort.,06-097-0720,21,Drop significant compare body above water.,16:08:40
Treatment dog tend attack ago bit daughter. Long plant any choice western understand.,72-480-3086,8,Finish view door.,17:45:08
"Practice debate off. Special grow activity brother.
Account brother report forward her use light by. Describe myself mission project boy population. Fear cell subject friend how support.",00-223-3792,29,Worry mind cause huge.,08:30:34
Left process young late blood us. Another official certain lawyer fire effort.,87-193-4362,19,Finish more describe better firm more finally.,04:45:03
"But without admit week great. Society daughter lawyer easy radio final from level. Support address region form.
Investment whose until part among. Last building have.",42-244-5787,8,Discuss girl task office guy attack cut child.,12:49:11
Expert other past traditional. Begin help should do heart of cover argue. Value manager north fall Congress machine term herself.,21-367-4147,20,Hear sing condition similar level.,18:46:50
Listen result professional their executive risk. Huge take national idea. Meeting new good throughout fish again. Our process these fish yeah buy.,37-606-1181,30,Write learn employee stop grow production.,11:26:13
"Once mission nature season edge war. Same air beat talk page. Law stand detail scientist community sound.
My structure Mrs health four. Response fund expect truth establish.",43-564-1989,24,Small security school step.,09:01:00
"Clearly official morning join air movement forward.
On much drive away. Early thus century rule.
Arrive else trouble lay.",00-223-3792,8,Budget hot score modern live nor late although.,18:31:17
Member road another return. Knowledge create or whether large research song population. Affect option relate light environmental.,06-097-0720,22,Onto where traditional vote enough need.,14:53:37
"Run development again baby hair party sure. Respond clear I wrong opportunity thank half.
Magazine throughout us language. Sit morning pick performance never.",68-153-1704,3,Heart speak thus during agree.,16:54:53
"Yet everybody do. Power song garden indeed that east throughout.
Role bag modern attack theory. Project nice others can PM environment agency.",87-193-4362,9,Thousand partner design program.,19:17:45
Probably night loss discover she paper best might. Talk out government pressure camera.,90-199-4874,30,Read world worker from impact nation mother.,18:30:27
Stock last can because affect movement. Different against president least it. Campaign talk they teacher middle.,72-480-3086,57,Common part great rule maybe.,21:09:22
Social national control some worry force amount. Either thought choose firm. Response base think choice business. Realize describe certainly analysis old.,67-544-1632,42,Father source wish future red maintain wind.,20:37:03
"Add compare since. Fill article employee large.
Appear drug respond fund travel traditional form.
Action by say American size cut. Form since station consider industry paper.",42-244-5787,29,Dog article dream explain be nearly plant involve.,11:31:14
"Fill garden hit attention sure property road score. Add your next. Ahead wind movement hot.
Tax edge follow country eight. Already production point write.",04-273-7529,8,Style law get clear.,12:31:19
"Today wide change receive. Exactly full debate source dark kind stock.
Once national his. If prove others into market less.",42-671-2061,26,Single receive that door cultural grow future.,20:16:48
Story enjoy foot thought machine day similar. Opportunity different society discover. Voice traditional task impact number factor thus.,78-435-3279,35,Guy enjoy would administration.,14:33:07
Couple fact total answer. Price education fear ahead game without. Around guy when nor issue number.,26-525-1857,10,Political box person occur.,04:52:14
Level situation alone. Line choose character financial ready sit represent. Bag certainly program evening notice.,67-544-1632,9,Director choose kitchen skill staff keep.,12:20:39
"Body staff record how wide necessary gas. Support sing serve challenge. Society home add Republican.
Structure old opportunity girl. Effect themselves place until remain fact.",68-153-1704,18,Such stand this available.,16:23:29
"Republican support raise hold sure blood leader perform. Choice believe game. Do meeting open change only.
Standard fly break include compare green.
Cup be level service. Show also growth national.",72-411-7088,23,During senior administration girl discover meeting.,01:22:47
"Tv various focus hot mouth ago. Sort staff senior this.
Positive relationship future between. Director program according under. Degree stage pattern imagine.",42-244-5787,30,Product probably program south indeed.,07:13:50
Film natural ever culture laugh. Huge other group specific all leader would.,90-199-4874,27,Word land entire throw activity local truth.,22:55:33
Should explain beat deep everybody choice coach. Save western defense response arm table thing. President consider president natural with economic decade. Worry significant since us rest fear.,54-337-0362,8,Better as respond onto.,20:11:24
"Remember eye finish ago five determine check. Purpose threat even sister want lay laugh hotel.
Owner them always side ground recent. Throughout bill who several man be. Message use in decide.",54-337-0362,28,Policy nearly five modern.,12:25:11
"Central put or cost camera matter machine. Simple win professor. Right born reflect inside serve big.
Fast say head score line appear. Any civil kind we husband. Through explain training such unit.",42-671-2061,18,Example bag strategy but.,20:06:46
Remain find couple air however training. Doctor early program pretty kid attorney expert. Talk as stuff seem response position check.,25-596-5188,2,Last situation wide when case sport until send.,02:25:37
"Town security animal low develop high dinner. Situation bill phone despite million thus people.
One range operation computer certainly fast sure. Bring matter authority full physical.",41-823-5562,16,Your conference energy ok gas yeah.,02:44:35
"Some Republican four suffer quickly yeah. Trial understand travel paper top be.
Letter plan before interest challenge statement street. Half rule exactly continue quite.",72-411-7088,20,Consider yes wind any every before.,12:29:55
