Student_ID,FirstName,LastName,ApptId
1,Taber,Gyles,1UC0Y32DK95
2,Barr,Najara,1G77UM4UF88
3,Arden,Entres,6W69H71XQ94
4,Rina,Tombs,8NN8RJ1YJ83
5,Bogey,Povele,5XK4J73HH98
6,Michail,Suett,7NM5JE8DT82
7,Cob,Pollington,5KK3N39KY48
8,Llewellyn,Titcombe,9WR7HT7VX13
9,Brewster,Dulen,3E13MV4YE49
10,Roby,Traves,6UW1J33QD42
11,Emlen,Deane,1CK3RG1RR56
12,Darryl,Filde,1RK5A46GA45
13,Ailyn,Tawton,1KF4YW6KN17
14,Alwyn,Capper,9KU2J79NJ21
15,Raphael,Beetlestone,8T67HK3HM65
16,Maddy,Frayne,5CQ9MH9NP30
17,Florencia,McGuffog,7UG0XM8JY69
18,Cal,Oppery,4G70K88ND00
19,Giff,Scollan,6DJ5Y82GW85
20,Evanne,Quidenham,3MJ0MW8PM58
21,Gael,Presser,4P27EP7GE60
22,Cam,Abelwhite,4HA4XM2KF01
23,Kriste,Foster-Smith,2EW4QR9TT38
24,Jillane,Emmens,9YW2KP8UR50
25,Reamonn,Curmi,7V88JQ1NH67
26,Tedda,Disley,7QH6QJ6YQ57
27,Brigg,Painswick,8N92PE0RH23
28,Catlin,Sonschein,7K85KR1XP96
29,Lou,MacBrearty,6R47TA0RE08
30,Lilly,Benduhn,9GX5AP9AP07
