TA_ID,email,FirstName,Lastname,Professor_ID
9VH0HW5KT75,lcage0@wsj.com,Laurel,Cage,1
8ER9M31DR38,honeligan1@plala.or.jp,Hilary,O' Neligan,2
7NG2JG1KJ53,ndoyley2@devhub.com,Nerissa,D'Oyley,3
5M99UP0NG41,leyckelberg3@opensource.org,Lemmy,Eyckelberg,4
5FY5Y96EC27,bmccurry4@berkeley.edu,Bernadina,McCurry,5
2A73FH0MV77,pmorgue5@macromedia.com,Philip,Morgue,6
1MD8N12GV14,rmacrory6@mtv.com,Reginauld,MacRory,7
1NQ1J43TR05,sjoll7@jiathis.com,Sibyl,Joll,8
1MR0G35FU14,dstainson8@simplemachines.org,Devinne,Stainson,9
5WR4NW9PY36,lselway9@hugedomains.com,Loraine,Selway,10
9XJ6Y10CU84,kbaidena@utexas.edu,Kelley,Baiden,11
8TP2JM9PH34,dorryb@state.tx.us,Danna,Orry,12
3JK4C13UT72,hhargreavesc@hc360.com,Harmony,Hargreaves,13
3AU7XG9DP43,cschachterd@pcworld.com,Creight,Schachter,14
3VE7NT0UM45,loelse@telegraph.co.uk,Laurens,Oels,15
4G92CN0GD42,emacerf@ebay.com,Ellyn,Macer,16
7P91MF6GR79,sbenoisg@biblegateway.com,Sig,Benois,17
9R65RT4XD98,nthyngh@twitter.com,Nolly,Thyng,18
8E69GN2GW38,bcavendishi@webeden.co.uk,Brana,Cavendish,19
1V43TX2XF06,kmarlenj@people.com.cn,Kimmi,Marlen,20
3GD8DC9HH05,pauldsk@amazon.co.jp,Pail,Aulds,21
3RH6C12QN67,fbrinklowl@yelp.com,Floyd,Brinklow,22
1FM9QT5FG76,rlicencem@sina.com.cn,Renie,Licence,23
1N67HA6NV06,wridgewayn@cdc.gov,Weylin,Ridgeway,24
5QP0HU7YK70,gkopfo@slate.com,Gunner,Kopf,25
4X87F38WH29,ndybbep@census.gov,Nels,Dybbe,26
5AC9TN6PC73,nbengalq@ca.gov,Nona,Bengal,27
5FG4V86JU15,twassonr@jugem.jp,Tarrance,Wasson,28
6PM6WJ8VD67,cbeamonds@netscape.com,Clem,Beamond,29
6G60NW6UU27,tplaidt@nationalgeographic.com,Tuesday,Plaid,30
