URL_ID,URL
1,https://www.garcia.com/
2,http://www.miller-doyle.info/
3,http://www.young.com/
4,https://www.anderson-trujillo.com/
5,https://cruz.org/
6,https://anderson.com/
7,http://www.rhodes-harris.org/
8,http://www.carroll.com/
9,http://www.gonzalez.com/
10,https://beck.com/
11,http://www.glenn.org/
12,https://ayala.net/
13,https://www.zuniga.org/
14,https://wood.com/
15,https://oneal.info/
16,https://www.miller-stone.com/
17,https://www.todd.com/
18,https://www.guerrero.info/
19,http://www.andrews-wells.com/
20,http://reeves.com/
21,https://www.anderson-jensen.net/
22,http://www.roberts.com/
23,http://hester.biz/
24,http://hinton.com/
25,http://www.burgess.com/
26,https://www.brown.com/
27,http://brown.com/
28,http://williams-oliver.biz/
29,http://www.chambers.com/
30,http://brown-jackson.com/
31,https://www.james.com/
32,https://valdez.net/
33,https://ingram-castro.com/
34,http://ryan.org/
35,https://collins.org/
36,https://tran.com/
37,https://bailey-wilson.com/
38,https://hall.info/
39,http://reynolds.net/
40,http://ruiz-ray.info/
