User_ID,email,FirstName,Lastname,Professor_ID,Course_ID
1,ahunday0@discuz.net,Alair,Hunday,1,4U85U59JV96
2,jpudney1@sciencedaily.com,Johnny,Pudney,2,7M39V23FR87
3,arediers2@youtube.com,Alana,Rediers,3,4JK8NU7DN12
4,msandbatch3@tripadvisor.com,Morly,Sandbatch,4,2JF5E15YJ46
5,ydo4@blogger.com,Yehudit,Do,5,9EC3X35CG33
6,rdo5@google.cn,Rickie,Do,6,9NR6A53GT43
7,jtraite6@forbes.com,Josh,Traite,7,9J12FR5DF57
8,bstable7@de.vu,Brandyn,Stable,8,1GY3HC0VQ97
9,sshippam8@telegraph.co.uk,Sheilakathryn,Shippam,9,3NX8KG7JH04
10,cgrafham9@shop-pro.jp,Christa,Grafham,10,7U41V89DM89
11,lreardena@reference.com,Lydia,Rearden,11,4JC2FW3UN64
12,qearleb@qq.com,Quinton,Earle,12,3RC0J43KX77
13,ccradickc@msu.edu,Constance,Cradick,13,9GP7G78KG23
14,tkondratd@msu.edu,Teodora,Kondrat,14,5TN5AU4UM25
15,ncunnahe@apache.org,Nerta,Cunnah,15,8H87F40DH40
16,lbiaggiottif@nifty.com,Laurel,Biaggiotti,16,6P67KQ7MJ58
17,cpennig@apache.org,Clarie,Penni,17,7UV6TE8QQ38
18,cneichoh@java.com,Cayla,Neicho,18,2AW9PE4YK29
19,bguerrini@bluehost.com,Beau,Guerrin,19,9J31GV6MH11
20,nayscoughj@globo.com,Nonna,Ayscough,20,3W88FP3VW32
21,mbowndek@bing.com,Marybelle,Bownde,21,2GT2WE4FJ75
22,osandhilll@aboutads.info,Ortensia,Sandhill,22,6F30CU5CQ48
23,tlazerm@bloomberg.com,Tatiania,Lazer,23,8W24P20HP07
24,imontezn@wp.com,Iris,Montez,24,6UY8AK4DR04
25,srougiero@yandex.ru,Sutherland,Rougier,25,8QE4DA9NR13
26,bmillsp@alibaba.com,Brooke,Mills,26,8FK9KY2KG54
27,coxberryq@unc.edu,Clarinda,Oxberry,27,1T43EG1HT44
28,jelcottr@ucoz.com,Jackson,Elcott,28,9KG4TP3JP55
29,asoftleys@google.com.hk,Arlette,Softley,29,1QV2MC9YX38
30,dnewburyt@walmart.com,Dulciana,Newbury,30,9VA2Y01MN75
